actor MegaShotC : MegaShot Replaces MegaShot{+MTHRUSPECIES}

actor BassShotC : BassShot Replaces BassShot{+MTHRUSPECIES}
actor ProtoShotC : ProtoShot Replaces ProtoShot{+MTHRUSPECIES}
actor ProtoShot2C : ProtoShot2 Replaces ProtoShot2{+MTHRUSPECIES}
actor ProtoShot3C : ProtoShot3 Replaces ProtoShot3{+MTHRUSPECIES}
actor AdaptorFistC : AdaptorFist Replaces AdaptorFist{+MTHRUSPECIES}
actor LaserShotC : LaserShot Replaces LaserShot{+MTHRUSPECIES}
actor MegaLaserC : MegaLaser Replaces MegaLaser{+MTHRUSPECIES}
actor ArrowShotC : ArrowShot Replaces ArrowShot{+MTHRUSPECIES}
actor MidShotC : MidShot Replaces MidShot{+MTHRUSPECIES}
actor DuoPunchC : DuoPunch Replaces DuoPunch{+MTHRUSPECIES}
actor MidFistC : MidFist Replaces MidFist{+MTHRUSPECIES}
actor GigaFistC : GigaFist Replaces GigaFist{+MTHRUSPECIES}
actor BoostShotC : BoostShot Replaces BoostShot{+MTHRUSPECIES}

actor RollingCutterC : RollingCutter Replaces RollingCutter{+MTHRUSPECIES}
actor ReturningCutterC : ReturningCutter Replaces ReturningCutter{+MTHRUSPECIES}
actor GutrockC : Gutrock Replaces Gutrock{+MTHRUSPECIES}
actor GutrockDebrisC : GutrockDebris Replaces GutrockDebris{+MTHRUSPECIES}
actor HyperBombC : HyperBomb Replaces HyperBomb{+MTHRUSPECIES}
actor FireStormC : FireStorm Replaces FireStorm{+MTHRUSPECIES}
actor FireShield1C : FireShield1 Replaces FireShield1{+MTHRUSPECIES}
actor FireShield2C : FireShield2 Replaces FireShield2{+MTHRUSPECIES}
actor FireShield3C : FireShield3 Replaces FireShield3{+MTHRUSPECIES}
actor IceSlasherC : IceSlasher Replaces IceSlasher{+MTHRUSPECIES}
actor ThunderBeamC : ThunderBeam Replaces ThunderBeam{+MTHRUSPECIES}
actor OilShotC : OilShot Replaces OilShot{+MTHRUSPECIES}
actor OilBlobC : OilBlob Replaces OilBlob{+MTHRUSPECIES}
actor OilBlobFlameC : OilBlobFlame Replaces OilBlobFlame{+MTHRUSPECIES}

actor BubbleLeadStartC : BubbleLeadStart Replaces BubbleLeadStart{+MTHRUSPECIES}
actor BubbleLeadC : BubbleLead Replaces BubbleLead{+MTHRUSPECIES}
actor AirShotC : AirShot Replaces AirShot{+MTHRUSPECIES}
actor AtomicFire1C : AtomicFire1 Replaces AtomicFire1{+MTHRUSPECIES}
actor AtomicFire2C : AtomicFire2 Replaces AtomicFire2{+MTHRUSPECIES}
actor AtomicFire3C : AtomicFire3 Replaces AtomicFire3{+MTHRUSPECIES}
actor CrashBombC : CrashBomb Replaces CrashBomb{+MTHRUSPECIES}
actor LeafShieldC : LeafShield Replaces LeafShield{+MTHRUSPECIES}
actor LeafShieldCounterShotC : LeafShieldCounterShot Replaces LeafShieldCounterShot{+MTHRUSPECIES}
actor MetalBladeC : MetalBlade Replaces MetalBlade{+MTHRUSPECIES}
actor IGMetalBladeC : IGMetalBlade Replaces IGMetalBlade{+MTHRUSPECIES}
actor QuickBoomerangC : QuickBoomerang Replaces QuickBoomerang{+MTHRUSPECIES}

actor MagnetMissileC : MagnetMissile Replaces MagnetMissile{+MTHRUSPECIES}
actor HardKnuckleC : HardKnuckle Replaces HardKnuckle{+MTHRUSPECIES}
actor GeminiLaserC : GeminiLaser Replaces GeminiLaser{+MTHRUSPECIES}
actor NeedleC : Needle Replaces Needle{+MTHRUSPECIES}
actor SearchSnakeStartC : SearchSnakeStart Replaces SearchSnakeStart{+MTHRUSPECIES}
actor SearchSnakeC : SearchSnake Replaces SearchSnake{+MTHRUSPECIES}
actor UpSnake0C : UpSnake0 Replaces UpSnake0{+MTHRUSPECIES}
actor UpSnake1C : UpSnake1 Replaces UpSnake1{+MTHRUSPECIES}
actor UpSnake2C : UpSnake2 Replaces UpSnake2{+MTHRUSPECIES}
actor UpSnake3C : UpSnake3 Replaces UpSnake3{+MTHRUSPECIES}
actor UpSnake4C : UpSnake4 Replaces UpSnake4{+MTHRUSPECIES}
actor DownSnakeC : DownSnake Replaces DownSnake{+MTHRUSPECIES}
actor ShadowBladeC : ShadowBlade Replaces ShadowBlade{+MTHRUSPECIES}
actor SparkShockC : SparkShock Replaces SparkShock{+MTHRUSPECIES}

actor DrillBombC : DrillBomb Replaces DrillBomb{+MTHRUSPECIES}
actor DustCrusherC : DustCrusher Replaces DustCrusher{+MTHRUSPECIES}
actor DustBit1_C : DustBit1 Replaces DustBit1{+MTHRUSPECIES}
actor DustBit2_C : DustBit2 Replaces DustBit2{+MTHRUSPECIES}
actor DustBit3_C : DustBit3 Replaces DustBit3{+MTHRUSPECIES}
actor DustBit4_C : DustBit4 Replaces DustBit4{+MTHRUSPECIES}
actor DustBit1C_C : DustBit1C Replaces DustBit1C{+MTHRUSPECIES}
actor DustBit2C_C : DustBit2C Replaces DustBit2C{+MTHRUSPECIES}
actor DustBit3C_C : DustBit3C Replaces DustBit3C{+MTHRUSPECIES}
actor DustBit4C_C : DustBit4C Replaces DustBit4C{+MTHRUSPECIES}
actor DiveMissileC : DiveMissile Replaces DiveMissile{+MTHRUSPECIES}
actor PharaohShot1C : PharaohShot1 Replaces PharaohShot1{+MTHRUSPECIES}
actor PharaohShot2C : PharaohShot2 Replaces PharaohShot2{+MTHRUSPECIES}
actor PharaohShot3C : PharaohShot3 Replaces PharaohShot3{+MTHRUSPECIES}
actor RingBoomerangC : RingBoomerang Replaces RingBoomerang{+MTHRUSPECIES}
actor ReturningRingC : ReturningRing Replaces ReturningRing{+MTHRUSPECIES}
actor StarCrashC : StarCrash Replaces StarCrash{+MTHRUSPECIES}
actor ChargeKickC : ChargeKick Replaces ChargeKick{+MTHRUSPECIES}
actor CrystalEyeC : CrystalEye Replaces CrystalEye{+MTHRUSPECIES}
actor CrystalEyeBitC : CrystalEyeBit Replaces CrystalEyeBit{+MTHRUSPECIES}
actor GyroAttackC : GyroAttack Replaces GyroAttack{+MTHRUSPECIES}
actor GyroAttack2C : GyroAttack2 Replaces GyroAttack2{+MTHRUSPECIES}
actor GyroAttack3C : GyroAttack3 Replaces GyroAttack3{+MTHRUSPECIES}
actor NapalmBombC : NapalmBomb Replaces NapalmBomb{+MTHRUSPECIES}
actor PowerStoneC : PowerStone Replaces PowerStone{+MTHRUSPECIES}
actor WaterWaveC : WaterWave Replaces WaterWave{+MTHRUSPECIES}

actor BlizzardAttackC : BlizzardAttack Replaces BlizzardAttack{+MTHRUSPECIES}
actor FlameBlastC : FlameBlast Replaces FlameBlast{+MTHRUSPECIES}
actor FlameWallPillarC : FlameWallPillar Replaces FlameWallPillar{+MTHRUSPECIES}
actor FlamePillarC : FlamePillar Replaces FlamePillar{+MTHRUSPECIES}
actor KnightCrushC : KnightCrush Replaces KnightCrush{+MTHRUSPECIES}
actor KnightReturnC : KnightReturn Replaces KnightReturn{+MTHRUSPECIES}
actor PlantBarrierC : PlantBarrier Replaces PlantBarrier{+MTHRUSPECIES}
actor SilverTomahawkC : SilverTomahawk Replaces SilverTomahawk{+MTHRUSPECIES}
actor WindStormStartC : WindStormStart Replaces WindStormStart{+MTHRUSPECIES}
actor WindStormC : WindStorm Replaces WindStorm{+MTHRUSPECIES}
actor YamatoSpearC : YamatoSpear Replaces YamatoSpear{+MTHRUSPECIES}

actor FreezeCrackerC : FreezeCracker Replaces FreezeCracker{+MTHRUSPECIES}
actor FreezeBitC : FreezeBit Replaces FreezeBit{+MTHRUSPECIES}
actor DangerWrapC : DangerWrap Replaces DangerWrap{+MTHRUSPECIES}
actor DangerWrapMineC : DangerWrapMine Replaces DangerWrapMine{+MTHRUSPECIES}
actor JunkProjectileC : JunkProjectile Replaces JunkProjectile{+MTHRUSPECIES}
actor JunkProjectile2C : JunkProjectile2 Replaces JunkProjectile2{+MTHRUSPECIES}
actor JunkCounterProjectileC : JunkCounterProjectile Replaces JunkCounterProjectile{+MTHRUSPECIES}
actor JunkCounterProjectile2C : JunkCounterProjectile2 Replaces JunkCounterProjectile2{+MTHRUSPECIES}
actor NoiseCrushC : NoiseCrush Replaces NoiseCrush{+MTHRUSPECIES}
actor NoiseCrush2C : NoiseCrush2 Replaces NoiseCrush2{+MTHRUSPECIES}
actor ScorchWheelC : ScorchWheel Replaces ScorchWheel{+MTHRUSPECIES}
actor ScorchWheel2C : ScorchWheel2 Replaces ScorchWheel2{+MTHRUSPECIES}
actor ThunderBoltC : ThunderBolt Replaces ThunderBolt{+MTHRUSPECIES}
actor ThunderBoltSplitC : ThunderBoltSplit Replaces ThunderBoltSplit{+MTHRUSPECIES}
actor WildCoilC : WildCoil Replaces WildCoil{+MTHRUSPECIES}
actor WildCoil2C : WildCoil2 Replaces WildCoil2{+MTHRUSPECIES}
actor SlashClawC : SlashClaw Replaces SlashClaw{+MTHRUSPECIES}

actor MegaBallC : MegaBall Replaces MegaBall{+MTHRUSPECIES}
actor MegaBallKickedC : MegaBallKicked Replaces MegaBallKicked{+MTHRUSPECIES}
actor AstroCrushC : AstroCrush Replaces AstroCrush{+MTHRUSPECIES}
actor FlameSwordC : FlameSword Replaces FlameSword{+MTHRUSPECIES}
actor FlameSword2C : FlameSword2 Replaces FlameSword2{+MTHRUSPECIES}
actor FlameSwordTrailC : FlameSwordTrail Replaces FlameSwordTrail{+MTHRUSPECIES}
actor FlameSwordTrail2C : FlameSwordTrail2 Replaces FlameSwordTrail2{+MTHRUSPECIES}
actor FlameSwordSparkC : FlameSwordSpark Replaces FlameSwordSpark{+MTHRUSPECIES}
actor FlashBombC : FlashBomb Replaces FlashBomb{+MTHRUSPECIES}
actor IceWaveDropperC : IceWaveDropper Replaces IceWaveDropper{+MTHRUSPECIES}
actor IceWaveSpawnerC : IceWaveSpawner Replaces IceWaveSpawner{+MTHRUSPECIES}
actor IceWaveC : IceWave Replaces IceWave{+MTHRUSPECIES}
actor IceWaveDownC : IceWaveDown Replaces IceWaveDown{+MTHRUSPECIES}
actor IceWaveUpC : IceWaveUp Replaces IceWaveUp{+MTHRUSPECIES}
actor IceWaveIcicleC : IceWaveIcicle Replaces IceWaveIcicle{+MTHRUSPECIES}
actor IceWaveIcicleWallC : IceWaveIcicleWall Replaces IceWaveIcicleWall{+MTHRUSPECIES}
actor ThunderClawC : ThunderClaw Replaces ThunderClaw{+MTHRUSPECIES}
actor ThunderClawReturnC : ThunderClawReturn Replaces ThunderClawReturn{+MTHRUSPECIES}
actor ThunderClawReturn2C : ThunderClawReturn2 Replaces ThunderClawReturn2{+MTHRUSPECIES}
actor TornadoHoldPodC : TornadoHoldPod Replaces TornadoHoldPod{+MTHRUSPECIES}
actor TornadoHoldC : TornadoHold Replaces TornadoHold{+MTHRUSPECIES}
//actor HoldingTornadoC : HoldingTornado Replaces HoldingTornado{+MTHRUSPECIES}
actor WaterBalloonC : WaterBalloon Replaces WaterBalloon{+MTHRUSPECIES}
actor HomingSniperC : HomingSniper Replaces HomingSniper{+MTHRUSPECIES}

actor TenguBladeC : TenguBlade Replaces TenguBlade{+MTHRUSPECIES}
actor WaveBurnC : WaveBurn Replaces WaveBurn{+MTHRUSPECIES}
actor WaveBurnUWC : WaveBurnUW Replaces WaveBurnUW{+MTHRUSPECIES}
actor SpreadDrillC : SpreadDrill Replaces SpreadDrill{+MTHRUSPECIES}
actor MediumDrill1C : MediumDrill1 Replaces MediumDrill1{+MTHRUSPECIES}
actor MediumDrill2C : MediumDrill2 Replaces MediumDrill2{+MTHRUSPECIES}
actor SmallDrill1C : SmallDrill1 Replaces SmallDrill1{+MTHRUSPECIES}
actor SmallDrill2C : SmallDrill2 Replaces SmallDrill2{+MTHRUSPECIES}
actor RemoteMineC : RemoteMine Replaces RemoteMine{+MTHRUSPECIES}
actor IceWallC : IceWall Replaces IceWall{+MTHRUSPECIES}
actor CopyShotC : CopyShot Replaces CopyShot{+MTHRUSPECIES}

actor ConcreteShotC : ConcreteShot Replaces ConcreteShot{+MTHRUSPECIES}
actor LaserTridentC : LaserTrident Replaces LaserTrident{+MTHRUSPECIES}
actor PlugBallStartC : PlugBallStart Replaces PlugBallStart{+MTHRUSPECIES}
actor PlugBallC : PlugBall Replaces PlugBall{+MTHRUSPECIES}
actor MagmaBazooka1C : MagmaBazooka1 Replaces MagmaBazooka1{+MTHRUSPECIES}
actor MagmaBazooka2C : MagmaBazooka2 Replaces MagmaBazooka2{+MTHRUSPECIES}
actor BlackHoleBombC : BlackHoleBomb Replaces BlackHoleBomb{+MTHRUSPECIES}
actor HornetChaserC : HornetChaser Replaces HornetChaser{+MTHRUSPECIES}
actor JewelShotC : JewelShot Replaces JewelShot{+MTHRUSPECIES}
actor SolarBlazeC : SolarBlaze Replaces SolarBlaze{+MTHRUSPECIES}
actor SolarWaveC : SolarWave Replaces SolarWave{+MTHRUSPECIES}

actor BalladeCrackerC : BalladeCracker Replaces BalladeCracker{+MTHRUSPECIES}
actor MirrorBuster1C : MirrorBuster1 Replaces MirrorBuster1{+MTHRUSPECIES}
actor MirrorBuster2C : MirrorBuster2 Replaces MirrorBuster2{+MTHRUSPECIES}
actor MirrorShotSmallC : MirrorShotSmall Replaces MirrorShotSmall{+MTHRUSPECIES}
actor MirrorShotMediumC : MirrorShotMedium Replaces MirrorShotMedium{+MTHRUSPECIES}
actor MirrorShotLargeC : MirrorShotLarge Replaces MirrorShotLarge{+MTHRUSPECIES}
actor ScrewCrusherC : ScrewCrusher Replaces ScrewCrusher{+MTHRUSPECIES}
